dealer_id;dealer_name;dealer_state;dealer_zip;dealer_sale_ind
1;AARON CAR DEALERSHIP;IL;64118;W
2;ABAUNZA AUTO DEALERSHIP;WI;16037;R
3;ABBASSI AUTOS;WV;93240;R
4;ABBEY CAR DEALERSHIP;NE;72143;R
5;ABELL AUTO DEALERSHIP;MT;41175;R
6;ABERNATHY CAR DEALERSHIP;TX;73149;R
7;ABRAHAM CAR DEALERSHIP;IN;39478;W
8;ABRAMOWITZ AUTO DEALERSHIP;PA;12469;R
9;ABRAMS AUTOS;WV;50616;W
10;ACHERMAN CAR DEALERSHIP;ND;55906;W
11;ACHESSON CAR DEALERSHIP;VA;78662;W
12;ACKERLY CAR DEALERSHIP;KS;53711;R
13;ACLAND AUTO DEALERSHIP;PR;78382;R
14;ACTON CAR DEALERSHIP;VA;27553;W
15;ADAMS AUTO DEALERSHIP;WI;61259;R
16;ADAMSKI MOTORS INC.;IA;53066;R
17;ADAMSON AUTO DEALERSHIP;UT;56256;W
18;AGEY MOTORS INC.;CA;92392;R
19;AGGARWAL CAR DEALERSHIP;MN;8021;W
20;AGNEA CAR DEALERSHIP;MI;10536;R
21;AHLEMANN CAR DEALERSHIP;OK;15067;W
22;AHLEN CAR DEALERSHIP;CA;55428;R
23;AHMANDI AUTO DEALERSHIP;UT;28164;W
24;AKERLLEY MOTORS INC.;IL;44488;W
25;AKINS CAR DEALERSHIP;OH;7043;W
26;AKTUG MOTORS INC.;IL;72114;R
27;ALACBAY MOTORS INC.;NE;77627;R
28;ALAMBARATI MOTORS INC.;CA;41076;W
29;ALBANS AUTO DEALERSHIP;CA;12545;R
30;ALBERS CAR DEALERSHIP;FL;50220;W
31;ALBERT AUTOS;IA;23356;W
32;ALBRIGHT AUTOS;KY;69353;R
33;ALCALA CAR DEALERSHIP;FL;96050;W
34;ALDEN CAR DEALERSHIP;NE;19508;R
35;ALDRIDGE AUTOS;TN;37167;R
36;ALEX AUTOS;NC;27150;R
37;ALEXANDER AUTO DEALERSHIP;FL;33617;R
38;ALLIS AUTO DEALERSHIP;NY;34606;R
39;ARDENA AUTO DEALERSHIP;NY;5450;R
40;ATKINS AUTO DEALERSHIP;NY;58746;R
41;AUBREY CAR DEALERSHIP;PA;91410;R
42;AUSTIN CAR DEALERSHIP;AL;44087;W
43;BACON AUTO DEALERSHIP;FL;41838;R
44;BAER AUTO DEALERSHIP;PA;78614;W
45;BAJPAI AUTO DEALERSHIP;IL;47520;W
46;BAKKER AUTO DEALERSHIP;FL;42066;R
47;BALDWIN AUTOS;VA;48653;W
48;BALEY AUTO DEALERSHIP;MN;13754;W
49;BALL AUTOS;TX;61423;W
50;BALLANGER AUTO DEALERSHIP;IA;84180;W
51;BALLARD CAR DEALERSHIP;MS;35905;W
52;BALLENGER CAR DEALERSHIP;NY;12930;R
53;BALTIMORE AUTO DEALERSHIP;NY;33073;W
54;BALTZER AUTOS;KY;778;R
55;BANAS CAR DEALERSHIP;GA;62223;W
56;BANE MOTORS INC.;NY;71496;R
57;BANFIELD AUTO DEALERSHIP;DE;82602;W
58;BARAJAS MOTORS INC.;CA;32572;W
59;BARBEE CAR DEALERSHIP;MD;98524;W
60;BARBER AUTO DEALERSHIP;PR;4605;W
61;BARDEN AUTO DEALERSHIP;WV;95703;R
62;BARDWELL AUTO DEALERSHIP;PR;33856;W
63;BARKER CAR DEALERSHIP;IL;39426;R
64;BARKLEY CAR DEALERSHIP;DC;77469;R
65;BARLOW CAR DEALERSHIP;IA;37642;R
66;BARNES AUTO DEALERSHIP;PA;20131;R
67;BARNETT CAR DEALERSHIP;SC;48303;W
68;BARNHOUSE MOTORS INC.;TX;11758;R
69;BARONE CAR DEALERSHIP;OH;35963;R
70;BARR CAR DEALERSHIP;OH;30102;R
71;BARREN CAR DEALERSHIP;MI;949;W
72;BARRETT AUTO DEALERSHIP;CA;92713;W
73;BARRON AUTO DEALERSHIP;KY;13656;R
74;BARRY CAR DEALERSHIP;MN;20764;W
75;BARTLETT MOTORS INC.;CO;29203;R
76;BARTOK AUTO DEALERSHIP;WA;93926;W
77;BASKET CAR DEALERSHIP;TX;79371;W
78;BASU CAR DEALERSHIP;FL;61841;R
79;BATTERTON CAR DEALERSHIP;NY;78745;R
80;BAUM AUTO DEALERSHIP;WV;98362;R
81;BAWEJA CAR DEALERSHIP;FL;40824;R
82;BEACOCK AUTO DEALERSHIP;PA;78738;R
83;BEIERS MOTORS INC.;MN;76443;R
84;BERRY CAR DEALERSHIP;OR;29061;W
85;BHUTANI CAR DEALERSHIP;IN;29602;R
86;BIRCH CAR DEALERSHIP;NY;28091;R
87;BLANKENSHIP MOTORS INC.;NY;56684;W
88;BRADLEY CAR DEALERSHIP;IL;43659;W
89;BRAUN CAR DEALERSHIP;IL;90265;W
90;BROOKS AUTOS;WV;98364;R
91;BROWN CAR DEALERSHIP;OK;59489;R
92;BUCKETT CAR DEALERSHIP;MI;28586;W
93;BURGESS CAR DEALERSHIP;NM;34624;R
94;BURNNS AUTO DEALERSHIP;NY;92644;R
95;BUTTLER AUTOS;WI;60182;W
96;CAIN AUTOS;WV;74652;R
97;CALAHAN AUTO DEALERSHIP;NY;49278;W
98;CALLIHAN AUTO DEALERSHIP;CA;99352;R
99;CAPP AUTO DEALERSHIP;MO;84065;R
100;CAPPS CAR DEALERSHIP;MN;12226;W
101;CARMUDI CAR DEALERSHIP;PR;11428;R
102;CARPENTER MOTORS INC.;OH;65761;W
103;CARR AUTOS;MI;58259;R
104;CARSON CAR DEALERSHIP;MA;19609;W
105;CARTWRIGHT CAR DEALERSHIP;IL;57621;W
106;CASE AUTOS;MO;12590;W
107;CASSIDY AUTOS;CA;926;R
108;CATTLETT CAR DEALERSHIP;NJ;61546;R
109;CHABBRA AUTO DEALERSHIP;AZ;59103;R
110;CHALMERS CAR DEALERSHIP;KS;21215;W
111;CHAMBLISS AUTO DEALERSHIP;NY;26503;R
112;CHANG AUTOS;IA;76452;W
113;CHARLES CAR DEALERSHIP;NJ;13363;R
114;CHARRON MOTORS INC.;OH;68313;R
115;CHAWLA AUTO DEALERSHIP;IN;98025;R
116;CHEN CAR DEALERSHIP;NY;30104;W
117;CHERRY CAR DEALERSHIP;NY;80908;W
118;CHINN CAR DEALERSHIP;PA;64856;W
119;CHOPRA AUTO DEALERSHIP;NC;35202;R
120;CHRISTIAN AUTO DEALERSHIP;TX;1536;R
121;CLATTERBUCK MOTORS INC.;WV;55917;R
122;CLEVELAND MOTORS INC.;MO;29169;R
123;CLIPP CAR DEALERSHIP;VA;55396;R
124;COE CAR DEALERSHIP;TX;17042;R
125;COLE AUTOS;TX;77434;R
126;COLTER CAR DEALERSHIP;TX;52548;R
127;COLVEN AUTO DEALERSHIP;TX;98599;R
128;CONARD CAR DEALERSHIP;OK;63879;R
129;COOK AUTO DEALERSHIP;NJ;50063;R
130;COOPER CAR DEALERSHIP;FL;83622;R
131;COWL AUTOS;WV;35253;W
132;COX AUTO DEALERSHIP;NY;92236;R
133;CRABTREE CAR DEALERSHIP;ME;31756;W
134;CRISP AUTOS;VT;74426;W
135;CROCKER AUTO DEALERSHIP;IL;49328;W
136;CUMMINGS AUTOS;MI;70631;W
137;CUMMINS AUTOS;CA;21236;R
138;CURR CAR DEALERSHIP;IN;56560;R
139;DADE CAR DEALERSHIP;MA;11955;R
140;DAHL CAR DEALERSHIP;OR;50529;R
141;DAILY CAR DEALERSHIP;LA;53580;R
142;DALEY AUTO DEALERSHIP;PR;33326;R
143;DALLY MOTORS INC.;PA;41311;R
144;DAMATO CAR DEALERSHIP;MO;57754;R
145;DANIELS MOTORS INC.;FL;25102;R
146;DARR CAR DEALERSHIP;ID;17059;R
147;DAVENPORT AUTO DEALERSHIP;OH;12144;W
148;DAWSON AUTO DEALERSHIP;AR;61531;R
149;DAY CAR DEALERSHIP;IA;32923;W
150;D'COSTA AUTO DEALERSHIP;NY;19188;R
151;DEAN AUTO DEALERSHIP;PA;68935;W
152;DEAVER AUTOS;CO;60018;R
153;DECKER AUTO DEALERSHIP;PA;1097;W
154;DEGROOT CAR DEALERSHIP;TX;4252;R
155;DELANG CAR DEALERSHIP;WA;49855;W
156;DELDERFIELD AUTOS;IL;617;W
157;DEMORI MOTORS INC.;GA;37058;R
158;DENNISON CAR DEALERSHIP;CA;12932;W
159;DENZONGPA CAR DEALERSHIP;PA;59211;W
160;DEOL AUTOS;OH;58502;R
161;DESJARDINS AUTO DEALERSHIP;TN;47231;W
162;DESMOND AUTO DEALERSHIP;WY;64487;W
163;DEVEREAUX CAR DEALERSHIP;WA;17921;W
164;DICKS CAR DEALERSHIP;IL;62880;W
165;DICKSON CAR DEALERSHIP;GA;11385;R
166;DIEHL AUTOS;TX;94977;W
167;DILLY CAR DEALERSHIP;DE;78715;R
168;DINCKINS CAR DEALERSHIP;CA;39747;R
169;D'MELLO AUTOS;PR;37645;W
170;DOBSON AUTO DEALERSHIP;WV;29582;R
171;DOCTOR AUTOS;IA;19608;W
172;DODDS AUTO DEALERSHIP;TX;55912;R
173;DODGE AUTOS;PR;59935;W
174;DOLLEY AUTOS;PR;27502;W
175;DONALDSON AUTO DEALERSHIP;AR;83431;W
176;DONOHOO AUTOS;KS;24951;R
177;DONOVAN CAR DEALERSHIP;SD;65026;W
178;DOOLEY CAR DEALERSHIP;CO;96707;R
179;DOOR CAR DEALERSHIP;OH;34758;W
180;DORE AUTO DEALERSHIP;CA;91436;W
181;DOSTOR CAR DEALERSHIP;OR;21919;W
182;DOUGLAS CAR DEALERSHIP;WV;63769;R
183;DOWD AUTO DEALERSHIP;IA;18064;W
184;DOWLING CAR DEALERSHIP;ID;94506;R
185;DOWNEY CAR DEALERSHIP;OH;15209;W
186;DRAVID AUTO DEALERSHIP;CO;11755;R
187;DRISCOLL CAR DEALERSHIP;NY;69301;W
188;DRUMM AUTO DEALERSHIP;IL;92811;W
189;D'SOUZA AUTOS;OH;94304;W
190;DUKE AUTOS;CA;5089;R
191;DUNBAR CAR DEALERSHIP;MO;1247;W
192;DUNFORD CAR DEALERSHIP;WA;62298;W
193;DUNHILL AUTO DEALERSHIP;IL;83870;W
194;DUNKIN CAR DEALERSHIP;PA;20524;R
195;DUNLOP AUTO DEALERSHIP;WI;12901;W
196;DURBY CAR DEALERSHIP;WI;14222;W
197;DUTTON MOTORS INC.;FL;90015;W
198;DUVAL CAR DEALERSHIP;AZ;83647;W
199;DWYER CAR DEALERSHIP;MO;93007;R
200;EAGLE CAR DEALERSHIP;NY;12189;W
201;EARLY CAR DEALERSHIP;TX;97456;R
202;EAST CAR DEALERSHIP;KY;17065;R
203;EASTWOOD CAR DEALERSHIP;NJ;79528;R
204;EATON AUTO DEALERSHIP;CO;95759;R
205;EBRAHIM MOTORS INC.;GA;49901;R
206;EDDISON AUTO DEALERSHIP;OR;54555;R
207;EDDISSON CAR DEALERSHIP;OH;11572;W
208;EDEN AUTO DEALERSHIP;MS;87125;W
209;EDISON AUTO DEALERSHIP;TN;21076;R
210;EDMOND CAR DEALERSHIP;TX;45056;R
211;EDMONDSON MOTORS INC.;MO;46987;R
212;EDWARDS MOTORS INC.;IL;57342;R
213;ELGIN AUTO DEALERSHIP;FL;24044;R
214;ELKIN CAR DEALERSHIP;PA;99515;W
215;ELLIOTT AUTO DEALERSHIP;TX;29582;R
216;ELLIS AUTO DEALERSHIP;KY;49628;R
217;ELMORE AUTOS;FL;61415;W
218;EMBREY AUTOS;NY;29402;R
219;EMIT CAR DEALERSHIP;TX;636;R
220;EMMERSON MOTORS INC.;NY;80912;R
221;EMMITT CAR DEALERSHIP;WI;50274;R
222;EPPLING CAR DEALERSHIP;VA;662;R
223;ESSEX CAR DEALERSHIP;OH;49041;R
224;EUBANK CAR DEALERSHIP;CA;1367;W
225;EVANS CAR DEALERSHIP;SD;97458;R
226;EVERETT AUTO DEALERSHIP;NY;15455;R
227;EVERHARD CAR DEALERSHIP;CA;30753;R
228;EVERLEY MOTORS INC.;NJ;90026;R
229;EVERLINE MOTORS INC.;MI;29546;R
230;EVERRETT AUTO DEALERSHIP;MN;71640;R
231;FAIMON CAR DEALERSHIP;AR;35903;R
232;FAIRFAX CAR DEALERSHIP;PA;64191;W
233;FAIRMAN CAR DEALERSHIP;ID;24918;W
234;FALK AUTO DEALERSHIP;CO;12121;R
235;FARID CAR DEALERSHIP;NC;32245;R
236;FARLEY CAR DEALERSHIP;MS;20549;W
237;FARMER AUTOS;IN;90601;W
238;FAULK AUTO DEALERSHIP;NE;65203;R
239;FAUST AUTO DEALERSHIP;AZ;49738;R
240;FAY MOTORS INC.;AL;75090;R
241;FEATHERS CAR DEALERSHIP;AR;16926;W
242;FELDMAN CAR DEALERSHIP;CA;87026;W
243;FELIX AUTO DEALERSHIP;MO;92152;W
244;FELLOWS AUTO DEALERSHIP;LA;45237;R
245;FELT AUTO DEALERSHIP;MI;771;W
246;FELTON AUTO DEALERSHIP;GA;1843;R
247;FEPOI AUTO DEALERSHIP;SD;71447;W
248;FERNANDEZ CAR DEALERSHIP;ID;29048;R
249;FERRER CAR DEALERSHIP;IN;32331;R
250;FERRIN CAR DEALERSHIP;CO;29373;R
251;FERRIS CAR DEALERSHIP;IL;29744;W
252;FIDDLER MOTORS INC.;PA;74445;R
253;FIEFER MOTORS INC.;MO;37660;W
254;FIGGENS AUTO DEALERSHIP;WV;71354;R
255;FILBERT AUTO DEALERSHIP;WI;95709;W
256;FINCH AUTOS;IA;98333;R
257;FISCHER AUTOS;MN;39440;W
258;FISHBACK AUTOS;FL;62708;W
259;FISHER MOTORS INC.;FL;77841;W
260;FITZ MOTORS INC.;IN;40447;R
261;FITZPATRICK MOTORS INC.;AL;74701;W
262;FIXX AUTOS;KY;23408;R
263;FLEET AUTOS;MS;73053;W
264;FLEMING AUTO DEALERSHIP;CO;33170;R
265;FLING CAR DEALERSHIP;SC;98512;W
266;FLOOD CAR DEALERSHIP;WY;38128;R
267;FLOWERS CAR DEALERSHIP;ID;4679;R
268;FLOYD AUTO DEALERSHIP;MO;73006;W
269;FLUG AUTO DEALERSHIP;AZ;76634;W
270;FLYNN CAR DEALERSHIP;WA;68881;W
271;FORBES AUTO DEALERSHIP;OH;49908;R
272;FOREMAN CAR DEALERSHIP;NY;51579;R
273;FORRESTER AUTO DEALERSHIP;NC;70534;R
274;FORSTER CAR DEALERSHIP;IL;28228;R
275;FORT AUTO DEALERSHIP;NC;47842;R
276;FOWLER AUTO DEALERSHIP;KS;41472;R
277;FOWLEY MOTORS INC.;IL;56751;R
278;FOXX CAR DEALERSHIP;NM;45714;R
279;FRIEND CAR DEALERSHIP;PA;5262;R
280;FROMM AUTO DEALERSHIP;PR;95140;W
281;FURST AUTOS;PR;89108;W
282;GABLE MOTORS INC.;IL;27621;W
283;GAISEY AUTO DEALERSHIP;PR;70096;W
284;GALLOWS CAR DEALERSHIP;PA;25860;R
285;GANT AUTO DEALERSHIP;LA;4952;W
286;GARNER MOTORS INC.;PA;65606;W
287;GARRISON AUTO DEALERSHIP;PR;61130;R
288;GARVIN CAR DEALERSHIP;KS;56676;W
289;GASKINS AUTO DEALERSHIP;MS;11743;W
290;GATES AUTO DEALERSHIP;TX;21047;R
291;GATEWOOD CAR DEALERSHIP;MO;62328;R
292;GEISS AUTO DEALERSHIP;NY;39455;R
293;GEIYER AUTO DEALERSHIP;SD;22954;R
294;GENTILE CAR DEALERSHIP;KY;56181;R
295;GENTLE MOTORS INC.;VA;75028;R
296;GERALT CAR DEALERSHIP;LA;48322;R
297;GERBER AUTOS;TN;48837;R
298;GERMAN CAR DEALERSHIP;FL;12463;R
299;GERMONDS CAR DEALERSHIP;VA;15821;R
300;GIBB AUTO DEALERSHIP;SC;2105;R
301;GILBERT MOTORS INC.;TN;85930;R
302;GILBOY MOTORS INC.;TX;30342;R
303;GILMORE AUTO DEALERSHIP;MA;612;R
304;GILMOUR AUTO DEALERSHIP;FL;17070;R
305;GILROY MOTORS INC.;IN;17748;W
306;GIMES CAR DEALERSHIP;ND;18813;W
307;GLAD CAR DEALERSHIP;PA;70538;W
308;GLADDEN CAR DEALERSHIP;FL;28658;R
309;GLASSMAN CAR DEALERSHIP;DC;15205;R
310;GLIDDEN CAR DEALERSHIP;NY;19968;R
311;GOODE CAR DEALERSHIP;IN;86001;W
312;GOOMES CAR DEALERSHIP;WA;99774;W
313;GOTTLIEB MOTORS INC.;MN;40218;R
314;GOWEN MOTORS INC.;OH;1985;R
315;GRACE AUTO DEALERSHIP;PA;85553;R
316;GRAHAM CAR DEALERSHIP;PA;739;R
317;GRAILING CAR DEALERSHIP;NM;40828;R
318;GRANDY CAR DEALERSHIP;WV;5701;R
319;GRAVEL CAR DEALERSHIP;TN;41071;R
320;GRAY CAR DEALERSHIP;AZ;77092;R
321;GREELEY AUTO DEALERSHIP;KS;55359;W
322;GREENE MOTORS INC.;FL;41219;W
323;GREENLEY AUTO DEALERSHIP;ND;28465;W
324;GREGORY AUTO DEALERSHIP;ID;11721;W
325;GRESSETT CAR DEALERSHIP;NM;46806;R
326;GREY CAR DEALERSHIP;NY;85313;W
327;GRIER CAR DEALERSHIP;MI;14861;R
328;GRIGSBY MOTORS INC.;AL;50021;W
329;GRIMES AUTO DEALERSHIP;NM;77830;W
330;GRIMSHAW CAR DEALERSHIP;PR;21851;W
331;GROUP AUTO DEALERSHIP;TX;42167;W
332;GROVER AUTO DEALERSHIP;OR;33951;R
333;GROVER CAR DEALERSHIP;NV;60614;W
334;GROVES AUTO DEALERSHIP;OH;62686;R
335;GRUBB MOTORS INC.;SC;96928;R
336;GUGLANI MOTORS INC.;SC;44312;R
337;GUTIERREZ CAR DEALERSHIP;CT;33183;W
338;HAARPER CAR DEALERSHIP;IL;56751;R
339;HACKETT AUTO DEALERSHIP;ME;55436;R
340;HAGAN AUTO DEALERSHIP;TX;76528;R
341;HALE MOTORS INC.;IL;17968;R
342;HALELA CAR DEALERSHIP;MD;19422;W
343;HALES CAR DEALERSHIP;GA;13454;W
344;HALEY CAR DEALERSHIP;KY;96745;W
345;HAMILTON CAR DEALERSHIP;VT;4530;R
346;HAMMER AUTOS;KY;75956;R
347;HAMMILL CAR DEALERSHIP;NJ;17324;W
348;HAMRICK CAR DEALERSHIP;MO;92653;R
349;HANDKINS CAR DEALERSHIP;ND;79918;R
350;HANDSOME CAR DEALERSHIP;NH;65035;W
351;HANES AUTOS;CA;53214;R
352;HANRAHAN AUTO DEALERSHIP;TX;30131;W
353;HANSON CAR DEALERSHIP;MD;12496;W
354;HAOLE AUTO DEALERSHIP;MO;58244;W
355;HARBEN AUTO DEALERSHIP;LA;10451;R
356;HARDESTY CAR DEALERSHIP;MI;67568;R
357;HARDY CAR DEALERSHIP;PA;31099;W
358;HARRIS CAR DEALERSHIP;TX;57501;W
359;HARTZOG CAR DEALERSHIP;CO;17764;R
360;HASKE AUTO DEALERSHIP;OK;2181;R
361;HATCHER CAR DEALERSHIP;TX;66606;R
362;HAUL CAR DEALERSHIP;CA;60697;W
363;HAYMAKER AUTOS;CA;13849;R
364;HELMS MOTORS INC.;KY;77217;W
365;HEMPHILL CAR DEALERSHIP;WA;11561;R
366;HENDERSHOT CAR DEALERSHIP;MN;46703;W
367;HENLINE CAR DEALERSHIP;MO;62084;R
368;HENRY AUTO DEALERSHIP;LA;63670;W
369;HERD CAR DEALERSHIP;IL;36919;R
370;HERMANN CAR DEALERSHIP;NC;64632;W
371;HERMANSON AUTO DEALERSHIP;OH;13815;W
372;HESKETT AUTO DEALERSHIP;ID;66749;R
373;HICKEY AUTO DEALERSHIP;NC;91916;R
374;HICKMAN AUTO DEALERSHIP;NY;19399;R
375;HIGGINS AUTO DEALERSHIP;SC;31801;R
376;HILL AUTO DEALERSHIP;MA;44137;W
377;HILLARD CAR DEALERSHIP;FL;91746;R
378;HILLER CAR DEALERSHIP;IN;62401;W
379;HINKLE AUTO DEALERSHIP;NE;38737;R
380;HIRSCH CAR DEALERSHIP;VT;75567;R
381;HOBSON CAR DEALERSHIP;IN;87512;R
382;HOGAN AUTO DEALERSHIP;IA;97452;W
383;HOLE AUTO DEALERSHIP;ND;64090;W
384;HOLMES CAR DEALERSHIP;WA;31301;R
385;HOOKER AUTO DEALERSHIP;NH;3233;R
386;HOPE AUTO DEALERSHIP;FL;63876;R
387;HOPKINS CAR DEALERSHIP;NY;37130;R
388;HOUSE AUTO DEALERSHIP;NY;83788;R
389;HOUSEKNECHT MOTORS INC.;NJ;731;R
390;HOWARD AUTO DEALERSHIP;AZ;20733;R
391;HOWEL CAR DEALERSHIP;KY;22847;R
392;HOWLES AUTOS;MD;73749;R
393;HUBBARD MOTORS INC.;KS;3887;R
394;HUBBEL AUTO DEALERSHIP;GA;33480;W
395;HUBERT CAR DEALERSHIP;IN;28658;W
396;HUGGINS AUTO DEALERSHIP;NJ;72035;W
397;HUMMER CAR DEALERSHIP;FL;14478;W
398;HURD AUTO DEALERSHIP;ND;15756;W
399;HURST AUTOS;NJ;59912;R
400;HUSKY AUTO DEALERSHIP;NY;27805;W
401;ILLES AUTO DEALERSHIP;IN;61630;R
402;INGERSOLL CAR DEALERSHIP;LA;48509;R
403;INGOLD MOTORS INC.;CA;19149;W
404;INGRAM AUTO DEALERSHIP;CA;65717;R
405;IRELAND MOTORS INC.;TX;82201;R
406;IRVING AUTOS;PA;78586;R
407;ISAACS CAR DEALERSHIP;MS;98520;W
408;IVEY MOTORS INC.;PA;62454;W
409;IVY AUTOS;GA;71240;W
410;JACKSON MOTORS INC.;HI;12529;R
411;JACOBS AUTO DEALERSHIP;NC;29069;R
412;JAFFREY AUTO DEALERSHIP;IL;45686;R
413;JAMES CAR DEALERSHIP;AZ;35246;R
414;JANKOWSKI AUTO DEALERSHIP;OH;81411;W
415;JANNEY CAR DEALERSHIP;KY;45156;W
416;JANSEN CAR DEALERSHIP;NH;70062;R
417;JANSSEN MOTORS INC.;MT;97814;W
418;JEFFREYS MOTORS INC.;AK;25988;R
419;JESSUP MOTORS INC.;MI;41472;W
420;JEWELL AUTO DEALERSHIP;FL;61536;W
421;JOHN AUTO DEALERSHIP;MN;27371;R
422;JOHNSON CAR DEALERSHIP;NC;95603;W
423;JONES CAR DEALERSHIP;TX;40057;R
424;JOSEPH CAR DEALERSHIP;IL;48375;R
425;JUSTICE AUTO DEALERSHIP;SD;95901;R
426;KADEN MOTORS INC.;GA;43768;W
427;KAHN CAR DEALERSHIP;AL;30183;R
428;KANE AUTO DEALERSHIP;NC;20106;W
429;KANN AUTOS;WA;23502;R
430;KAPOOR AUTO DEALERSHIP;TX;64128;R
431;KARIM MOTORS INC.;IA;62092;W
432;KATTI CAR DEALERSHIP;KY;99553;R
433;KATZ CAR DEALERSHIP;WI;37804;W
434;KAYDEN AUTO DEALERSHIP;ID;40447;W
435;KEETING CAR DEALERSHIP;OH;72134;R
436;KEINER AUTO DEALERSHIP;CA;5478;W
437;KEITH MOTORS INC.;CO;28542;R
438;KELLEHER AUTO DEALERSHIP;NY;7825;R
439;KELLEY MOTORS INC.;PR;64447;R
440;KENDALL CAR DEALERSHIP;OH;73063;R
441;KENNEY CAR DEALERSHIP;OR;17047;R
442;KENYON CAR DEALERSHIP;IL;83013;R
443;KESSEL MOTORS INC.;IN;61243;R
444;KHAN CAR DEALERSHIP;PA;30639;R
445;KIDWELL AUTO DEALERSHIP;NY;39339;R
446;KIKER AUTO DEALERSHIP;MS;1376;W
447;KILLMAN CAR DEALERSHIP;TX;6419;R
448;KIMBALL CAR DEALERSHIP;KY;90024;R
449;KINDRED CAR DEALERSHIP;TX;67451;W
450;KINDRID CAR DEALERSHIP;OH;72135;R
451;KING CAR DEALERSHIP;PR;46952;W
452;KIPP CAR DEALERSHIP;PA;6532;R
453;KIRK CAR DEALERSHIP;MT;97720;W
454;KIRWIN MOTORS INC.;CA;71655;R
455;KISH AUTO DEALERSHIP;CA;32752;R
456;KITCHENS AUTOS;IL;96161;R
457;KITTS AUTO DEALERSHIP;MO;48192;R
458;KKOTZMAN CAR DEALERSHIP;SC;53081;R
459;KLEBE AUTO DEALERSHIP;TX;25541;R
460;KLEMM AUTO DEALERSHIP;CA;47041;R
461;KLESSER CAR DEALERSHIP;KS;7405;R
462;KNALLS AUTO DEALERSHIP;IN;93305;W
463;KNOX CAR DEALERSHIP;KY;43716;R
464;KOCH CAR DEALERSHIP;IN;12571;R
465;KOHLER CAR DEALERSHIP;PA;49628;R
466;KONUR AUTOS;MD;38954;W
467;KOTCH CAR DEALERSHIP;NC;81015;W
468;KOTHARI MOTORS INC.;AR;30817;R
469;KOTZMAN MOTORS INC.;KS;751;W
470;KRAFT CAR DEALERSHIP;MN;50480;W
471;KREBS MOTORS INC.;CA;5401;R
472;KRIDER CAR DEALERSHIP;GU;48761;R
473;KRUGER CAR DEALERSHIP;VT;17024;R
474;KUEHEN CAR DEALERSHIP;WV;88046;R
475;KUEHLER CAR DEALERSHIP;CA;60634;R
476;KUGEL CAR DEALERSHIP;LA;61802;W
477;KUHLER MOTORS INC.;IL;18372;R
478;KUMAR CAR DEALERSHIP;AZ;82721;W
479;LACEY CAR DEALERSHIP;MA;27248;R
480;LADD CAR DEALERSHIP;KY;2193;R
481;LAKE AUTO DEALERSHIP;PA;54415;R
482;LAMAR AUTO DEALERSHIP;LA;85750;R
483;LAMAY AUTO DEALERSHIP;FM;83429;R
484;LAMB CAR DEALERSHIP;WI;2764;W
485;LAMM CAR DEALERSHIP;OH;72121;R
486;LANCE CAR DEALERSHIP;PR;64863;W
487;LANDOLT MOTORS INC.;KY;98641;W
488;LANDON CAR DEALERSHIP;PA;44024;W
489;LANSTON CAR DEALERSHIP;KS;8865;R
490;LARROCK MOTORS INC.;VA;15028;R
491;LASSITER CAR DEALERSHIP;PA;4275;R
492;LATTIMER CAR DEALERSHIP;OH;17322;R
493;LAUDER CAR DEALERSHIP;WY;17603;R
494;LAUDERDALE CAR DEALERSHIP;CA;21918;R
495;LAUERS CAR DEALERSHIP;IL;44662;R
496;LAUPER CAR DEALERSHIP;NY;38641;R
497;LAVIN CAR DEALERSHIP;NH;32730;R
498;LAWSON AUTO DEALERSHIP;PA;71409;R
499;LAYCOCK CAR DEALERSHIP;PR;71343;R
500;LAZAR AUTO DEALERSHIP;PR;97358;R
501;LEACH AUTO DEALERSHIP;CA;62659;R
502;LEARY CAR DEALERSHIP;CO;677;R
503;LEASE AUTO DEALERSHIP;CA;90294;W
504;LEE AUTO DEALERSHIP;ID;98602;W
505;LEFEVRE AUTO DEALERSHIP;WI;72112;R
506;LEGARD AUTOS;WA;12229;R
507;LEGG AUTOS;CA;16915;R
508;LEHMAN CAR DEALERSHIP;NY;99140;W
509;LEIGH CAR DEALERSHIP;AR;60093;R
510;LEIN CAR DEALERSHIP;GA;95439;W
511;LENGEL AUTO DEALERSHIP;VA;67025;R
512;LENT CAR DEALERSHIP;VA;48466;W
513;LEOPARD CAR DEALERSHIP;TX;55150;R
514;LESLEY AUTO DEALERSHIP;CA;42217;W
515;LESSMAN CAR DEALERSHIP;LA;13685;R
516;LESTER CAR DEALERSHIP;LA;18301;W
517;LEVI MOTORS INC.;TX;63134;R
518;LEVY CAR DEALERSHIP;PA;54491;R
519;LIBBY CAR DEALERSHIP;CA;20905;R
520;LICKEY AUTO DEALERSHIP;FL;89825;R
521;LIEBERMAN CAR DEALERSHIP;MA;7538;R
522;LIFE AUTO DEALERSHIP;GA;85322;R
523;LIGHTFOOT AUTOS;PA;47446;R
524;LILLIS AUTO DEALERSHIP;MO;62266;R
525;LINCOLN CAR DEALERSHIP;CA;57379;R
526;LINDEGREEN AUTO DEALERSHIP;FL;65619;R
527;LINDEN MOTORS INC.;VT;47438;R
528;LINDSEY AUTOS;LA;78381;R
529;LINKS CAR DEALERSHIP;WI;75561;R
530;LINSICOME CAR DEALERSHIP;CO;2140;W
531;LIPP AUTO DEALERSHIP;CT;12987;R
532;LITEFOOTE MOTORS INC.;SD;19975;R
533;LITTLEFIELD AUTOS;TX;11947;R
534;LITTLETON CAR DEALERSHIP;OR;60148;W
535;LIVESAY CAR DEALERSHIP;PA;17963;R
536;LLEWELLYN MOTORS INC.;IA;52101;R
537;LLOYD AUTO DEALERSHIP;NY;90744;W
538;LLYLES CAR DEALERSHIP;FL;71468;W
539;LOCKHARD MOTORS INC.;CA;85071;R
540;LONDON CAR DEALERSHIP;MT;60072;R
541;LONGERBEAM AUTO DEALERSHIP;MN;39751;R
542;LORA CAR DEALERSHIP;CT;12928;W
543;LOTTO CAR DEALERSHIP;MN;83839;W
544;LOVETT CAR DEALERSHIP;GA;11417;R
545;LOWE AUTO DEALERSHIP;WI;19191;W
546;LOWERS MOTORS INC.;NV;83629;R
547;LUCAS AUTOS;NY;81101;R
548;LUCCA CAR DEALERSHIP;CT;35548;R
549;LUCY CAR DEALERSHIP;UT;59025;R
550;LUKE CAR DEALERSHIP;PA;40977;R
551;LUNA MOTORS INC.;NY;44088;R
552;LUSK AUTOS;FL;45230;R
553;LYLES AUTO DEALERSHIP;GA;78212;W
554;LYON CAR DEALERSHIP;GA;50833;R
555;MACCARTHY AUTO DEALERSHIP;NY;68746;W
556;MACDONALD AUTOS;CA;22840;R
557;MADDOX CAR DEALERSHIP;OH;47882;R
558;MAHINDRU CAR DEALERSHIP;LA;28623;R
559;MAHOOD MOTORS INC.;WA;63087;W
560;MAINE MOTORS INC.;MN;31739;W
561;MAJORS AUTO DEALERSHIP;VA;98513;R
562;MALHOTRA CAR DEALERSHIP;NV;72903;R
563;MALLONEY AUTO DEALERSHIP;PR;52307;R
564;MALLORY CAR DEALERSHIP;WV;11735;R
565;MALONE AUTO DEALERSHIP;WA;31905;W
566;MANCINI AUTO DEALERSHIP;ME;6804;W
567;MANE AUTOS;AK;5454;R
568;MANN CAR DEALERSHIP;NY;969;R
569;MANNING AUTOS;NY;74431;R
570;MANSFIELD MOTORS INC.;CA;19889;W
571;MANSON AUTO DEALERSHIP;PR;51249;R
572;MANUEL MOTORS INC.;MO;2822;R
573;MAO AUTO DEALERSHIP;WA;61319;R
574;MARKER CAR DEALERSHIP;LA;12078;R
575;MARKET CAR DEALERSHIP;NC;96813;W
576;MARKIN CAR DEALERSHIP;OH;736;R
577;MARKLAND CAR DEALERSHIP;NC;95360;R
578;MARSHAL CAR DEALERSHIP;IA;48838;W
579;MARSTEN CAR DEALERSHIP;NC;81225;W
580;MARTIN AUTO DEALERSHIP;TX;42701;W
581;MARVIL AUTOS;KY;77643;R
582;MARWAH MOTORS INC.;PA;17215;R
583;MASON AUTO DEALERSHIP;PR;41828;W
584;MASSEY MOTORS INC.;LA;24216;W
585;MATHEWS AUTO DEALERSHIP;TN;40906;R
586;MAY CAR DEALERSHIP;NY;39737;R
587;MAYO CAR DEALERSHIP;FL;36502;W
588;MAZZA AUTO DEALERSHIP;WA;68927;W
589;MCCRACKEN CAR DEALERSHIP;PA;58038;R
590;MCDONALD CAR DEALERSHIP;TX;98020;R
591;MEDLOCK CAR DEALERSHIP;NC;62259;W
592;MEESE MOTORS INC.;GA;30919;W
593;MELLOT CAR DEALERSHIP;FL;74193;R
594;MENDEL AUTO DEALERSHIP;VA;7461;W
595;MEWS CAR DEALERSHIP;NY;97478;R
596;MEYERS AUTO DEALERSHIP;NC;47598;W
597;MICHAELS CAR DEALERSHIP;NY;17601;W
598;MILROD CAR DEALERSHIP;AK;36790;W
599;MINNEVER AUTOS;PR;13030;W
600;MINNOW CAR DEALERSHIP;WA;76487;R
601;MINSKY AUTO DEALERSHIP;VA;99605;W
602;MITCHELL AUTO DEALERSHIP;PA;41538;R
603;MONROE CAR DEALERSHIP;KY;10171;W
604;MOONEY CAR DEALERSHIP;IN;29814;R
605;MOORE AUTOS;IN;33743;R
606;MORALES AUTO DEALERSHIP;CA;56477;W
607;MORANO AUTOS;MS;70607;R
608;MORRILL AUTOS;PR;75644;R
609;MOSSBERG CAR DEALERSHIP;VA;78263;R
610;MOTION CAR DEALERSHIP;TN;56623;R
611;MUKHERJI AUTO DEALERSHIP;MS;78374;R
612;MULHOLLAND AUTO DEALERSHIP;TX;47326;R
613;MULLIGAN AUTO DEALERSHIP;NY;61745;R
614;MULLINS MOTORS INC.;WV;17070;R
615;MUMM CAR DEALERSHIP;AL;24981;R
616;MURPHY MOTORS INC.;IL;10026;W
617;MURRAY AUTOS;OH;13811;R
618;NABER CAR DEALERSHIP;PA;65043;R
619;NANCE AUTOS;TX;5354;R
620;NAPPER AUTO DEALERSHIP;VA;2115;R
621;NAPPIER CAR DEALERSHIP;ND;76453;R
622;NARY CAR DEALERSHIP;VA;89431;R
623;NEIHBOUR AUTO DEALERSHIP;TX;39158;R
624;NENNINGER AUTOS;CA;44144;R
625;NESBIT CAR DEALERSHIP;IN;52753;R
626;NETTLES AUTO DEALERSHIP;MD;58443;R
627;NEWCOMER AUTO DEALERSHIP;MD;90250;R
628;NEWKIRK MOTORS INC.;OK;13411;W
629;NEWMAN AUTO DEALERSHIP;OH;43078;R
630;NEWSOME CAR DEALERSHIP;IN;70145;W
631;NICKOLS CAR DEALERSHIP;NC;1945;R
632;NIELLEY MOTORS INC.;MI;75840;W
633;NOVAK AUTO DEALERSHIP;IN;93523;R
634;NUTTER CAR DEALERSHIP;AL;11783;R
635;OAKFIELD CAR DEALERSHIP;VT;97407;W
636;OBEROI AUTO DEALERSHIP;CO;46356;W
637;OBRIEN CAR DEALERSHIP;PR;51028;R
638;ODDELL CAR DEALERSHIP;NY;85252;R
639;ODENWALLD AUTOS;WI;79227;W
640;OGLETREE MOTORS INC.;DE;41179;R
641;OLIVER AUTO DEALERSHIP;CA;83448;W
642;OLSON AUTOS;IL;24938;W
643;OPPY CAR DEALERSHIP;NC;57719;W
644;ORM AUTO DEALERSHIP;VT;13676;R
645;ORR AUTO DEALERSHIP;SC;39201;R
646;ORRSON MOTORS INC.;TX;14480;R
647;ORSON AUTO DEALERSHIP;AZ;44125;R
648;OSBORNE CAR DEALERSHIP;CA;77025;R
649;OSGODE AUTOS;FL;15955;R
650;OVERMAN CAR DEALERSHIP;CT;75859;R
651;OVERTON CAR DEALERSHIP;MI;79567;R
652;OWENS CAR DEALERSHIP;PR;680;W
653;OXFORD CAR DEALERSHIP;WV;63774;W
654;PAIGE CAR DEALERSHIP;KY;24426;R
655;PAINE AUTO DEALERSHIP;NH;90044;R
656;PAINTER CAR DEALERSHIP;NY;45248;R
657;PAINTOR MOTORS INC.;NY;99547;W
658;PALEJWALA AUTOS;KY;41365;W
659;PARDUE MOTORS INC.;CA;41501;R
660;PARKBURG CAR DEALERSHIP;PR;45441;R
661;PARKER AUTOS;NY;29304;R
662;PARKINSON MOTORS INC.;MS;35898;R
663;PARKS CAR DEALERSHIP;NE;78839;R
664;PATEL AUTO DEALERSHIP;SC;39150;R
665;PATIALA CAR DEALERSHIP;TX;43143;R
666;PATRICK AUTO DEALERSHIP;NJ;54962;W
667;PATTERSON MOTORS INC.;WV;680;R
668;PEARSON AUTO DEALERSHIP;NJ;47436;R
669;PEEBLES AUTO DEALERSHIP;TX;56523;R
670;PEREZ CAR DEALERSHIP;OH;22567;R
671;PERSAUD AUTO DEALERSHIP;ID;67863;W
672;PETRELLA CAR DEALERSHIP;WI;54301;W
673;PETROFF AUTO DEALERSHIP;MO;31327;R
674;PETTIT CAR DEALERSHIP;NY;67574;W
675;PHILLIPS AUTO DEALERSHIP;NE;68039;R
676;PIERCE MOTORS INC.;OR;71373;W
677;PILCHER AUTOS;PR;99009;W
678;PINDER CAR DEALERSHIP;IL;79553;R
679;PINKSTON AUTO DEALERSHIP;TX;12764;R
680;PLASTER AUTOS;AR;99614;R
681;PLAYER AUTOS;OH;81650;R
682;POE CAR DEALERSHIP;PA;13783;W
683;POINDEXTER AUTO DEALERSHIP;MD;10176;R
684;POLK AUTO DEALERSHIP;OH;33801;R
685;POLLARD AUTOS;WV;12183;R
686;PONCE AUTOS;VA;2062;R
687;POPKIN CAR DEALERSHIP;TX;61081;W
688;PORTER AUTOS;MT;19905;W
689;POST CAR DEALERSHIP;WI;43147;W
690;POSTHUMUS AUTO DEALERSHIP;MS;93925;R
691;PRATT AUTO DEALERSHIP;CA;38258;R
692;PRESCOTT AUTO DEALERSHIP;AL;28815;W
693;PRESGRAVE AUTO DEALERSHIP;VT;24202;W
694;PRETTY AUTOS;KY;13325;W
695;PROCTOR AUTO DEALERSHIP;TX;5758;R
696;PROLL CAR DEALERSHIP;OK;71269;R
697;PRUITT AUTO DEALERSHIP;NY;39525;W
698;PUGH CAR DEALERSHIP;KY;50567;R
699;PULEO AUTO DEALERSHIP;NY;93063;W
700;PURI CAR DEALERSHIP;OH;49014;R
701;QUADRI AUTO DEALERSHIP;NY;36135;R
702;QUINLAN CAR DEALERSHIP;MO;32955;R
703;QUINN AUTOS;KY;31742;W
704;RAAB CAR DEALERSHIP;HI;7533;W
705;RACE CAR DEALERSHIP;KS;55758;R
706;RADFORD CAR DEALERSHIP;VA;957;R
707;RAFFERTY AUTO DEALERSHIP;AL;78501;R
708;RAFLO CAR DEALERSHIP;NY;47303;W
709;RAHMAN AUTO DEALERSHIP;AR;71834;R
710;RAI AUTO DEALERSHIP;IL;2168;R
711;RAIMEY AUTO DEALERSHIP;AR;63053;R
712;RAINMAKER MOTORS INC.;TX;624;R
713;RALEY CAR DEALERSHIP;GA;79025;R
714;RAM AUTOS;NM;36202;R
715;RAMBO AUTO DEALERSHIP;NY;85545;W
716;RAMSEY AUTO DEALERSHIP;NY;72553;W
717;RAND AUTO DEALERSHIP;AR;75229;W
718;RAPP CAR DEALERSHIP;NY;34611;R
719;RATTCLIFFE AUTO DEALERSHIP;MI;96943;W
720;RAYBUCK CAR DEALERSHIP;TX;84088;R
721;RAYMOND AUTOS;FL;47811;W
722;RAYNOLD AUTO DEALERSHIP;VA;98239;W
723;READY CAR DEALERSHIP;KY;82648;R
724;REAGAN CAR DEALERSHIP;LA;58076;R
725;REBELLO AUTOS;MD;74954;R
726;REED AUTO DEALERSHIP;MA;33609;R
727;REID CAR DEALERSHIP;SD;51458;R
728;REILLY CAR DEALERSHIP;VA;29407;R
729;RELLIS AUTO DEALERSHIP;OH;11964;R
730;REMLER AUTOS;VA;15223;R
731;RESNICK AUTO DEALERSHIP;IL;47140;R
732;REUTER AUTO DEALERSHIP;TN;17126;R
733;RHODES CAR DEALERSHIP;ND;98623;R
734;RIAZ AUTOS;MA;76656;R
735;RICE CAR DEALERSHIP;CA;37930;R
736;RICKETTS CAR DEALERSHIP;MN;11569;W
737;RIDER MOTORS INC.;MO;55919;R
738;RIDGEWAY AUTOS;AL;82059;R
739;RIFFKEN CAR DEALERSHIP;CA;15779;W
740;RIGSBY MOTORS INC.;CA;49812;R
741;RILL AUTO DEALERSHIP;PR;27284;R
742;RITCH AUTO DEALERSHIP;NE;79549;R
743;RITTENOUR CAR DEALERSHIP;OK;52701;W
744;RIVERA CAR DEALERSHIP;IN;68941;R
745;RIZVI AUTO DEALERSHIP;OH;53952;R
746;ROBBINETTE AUTO DEALERSHIP;PR;12309;W
747;ROBBINS CAR DEALERSHIP;SC;44881;W
748;ROBERTS CAR DEALERSHIP;TN;58704;R
749;ROBEY AUTO DEALERSHIP;WI;43812;R
750;ROBINSON AUTO DEALERSHIP;TX;23076;W
751;ROCHE AUTO DEALERSHIP;OH;50847;W
752;ROCKWELL CAR DEALERSHIP;IN;42742;R
753;RODGERS AUTO DEALERSHIP;OK;10272;R
754;RODRICK CAR DEALERSHIP;OR;21061;W
755;ROGERS CAR DEALERSHIP;NE;5446;W
756;ROHRBACK CAR DEALERSHIP;MD;22446;W
757;ROISSTON CAR DEALERSHIP;NY;70033;R
758;ROKUS MOTORS INC.;OR;42726;W
759;ROLAND CAR DEALERSHIP;CA;976;R
760;ROMAN CAR DEALERSHIP;NY;39174;W
761;ROSEBERRY MOTORS INC.;AL;47012;W
762;ROSENBLUM CAR DEALERSHIP;WA;957;R
763;ROSS AUTO DEALERSHIP;VA;53565;W
764;ROSSELLETT CAR DEALERSHIP;AR;95161;R
765;ROSSER AUTOS;KY;7405;R
766;ROTHMAN AUTO DEALERSHIP;IL;50265;R
767;ROTHROCK CAR DEALERSHIP;KY;50435;R
768;ROWE AUTOS;OK;70040;R
769;ROWLEY AUTO DEALERSHIP;VT;83401;W
770;ROWLS AUTOS;MI;26581;R
771;RUBENS AUTO DEALERSHIP;PR;83611;R
772;RUDDER AUTOS;WV;59037;R
773;RUDDLE CAR DEALERSHIP;NY;17737;R
774;RUDDY AUTO DEALERSHIP;IA;15208;R
775;RUMFELDT CAR DEALERSHIP;ND;33953;W
776;RUSH CAR DEALERSHIP;MT;17038;R
777;RUSK CAR DEALERSHIP;NC;45207;R
778;RUST AUTO DEALERSHIP;PR;92268;R
779;RUTHERFORD AUTO DEALERSHIP;CO;3819;R
780;RYAN CAR DEALERSHIP;CA;67476;R
781;SABARWAL AUTOS;WV;29546;W
782;SAD CAR DEALERSHIP;PR;95728;W
783;SADDLER CAR DEALERSHIP;NY;4740;R
784;SADWORTH MOTORS INC.;IL;2655;W
785;SAGAN AUTO DEALERSHIP;AR;7109;R
786;SAGER MOTORS INC.;NM;85621;R
787;SAHAI CAR DEALERSHIP;WI;41465;W
788;SAINTCLAIR AUTOS;FL;12874;W
789;SAKHUJA CAR DEALERSHIP;ID;78606;R
790;SALEM AUTOS;SD;24366;R
791;SALVADORE AUTO DEALERSHIP;FL;33161;R
792;SAMPLER CAR DEALERSHIP;SD;8080;W
793;SAMPSON AUTO DEALERSHIP;IL;5143;R
794;SANDBURG CAR DEALERSHIP;MS;69120;R
795;SANDOVAL CAR DEALERSHIP;PR;61011;R
796;SANDS CAR DEALERSHIP;NE;64501;W
797;SANDSTRUM AUTO DEALERSHIP;MS;36751;W
798;SANFORD AUTOS;PR;97459;W
799;SAVAGE AUTO DEALERSHIP;OR;5041;W
800;SAWYER AUTO DEALERSHIP;PR;79762;R
801;SAYER CAR DEALERSHIP;LA;47580;R
802;SCAGGS AUTO DEALERSHIP;NM;23602;W
803;SCARBOROUGH CAR DEALERSHIP;PA;70661;R
804;SCHAFFER CAR DEALERSHIP;NV;50648;R
805;SCHENK CAR DEALERSHIP;VA;44822;W
806;SCHMIDT MOTORS INC.;MS;11099;W
807;SCHMIT AUTO DEALERSHIP;ND;91204;W
808;SCHOOLER CAR DEALERSHIP;LA;28646;R
809;SCHOOLEY AUTO DEALERSHIP;ND;4462;R
810;SCHUBERT AUTO DEALERSHIP;AZ;56477;R
811;SCOTT AUTO DEALERSHIP;SD;46050;W
812;SEAGUL AUTOS;NM;59741;W
813;SEAN CAR DEALERSHIP;OH;7018;R
814;SEE AUTOS;PR;65052;W
815;SEIMORE CAR DEALERSHIP;VT;1944;R
816;SELBY CAR DEALERSHIP;MN;17324;R
817;SELF CAR DEALERSHIP;TX;34607;W
818;SELIGMAN MOTORS INC.;PR;66532;R
819;SELLAR MOTORS INC.;MI;73040;R
820;SELLERS AUTO DEALERSHIP;IL;95033;R
821;SELUNA CAR DEALERSHIP;FL;823;R
822;SEVEN CAR DEALERSHIP;PR;83854;W
823;SEWEL AUTO DEALERSHIP;AR;49779;R
824;SEXTON CAR DEALERSHIP;NC;60945;W
825;SHANNON AUTO DEALERSHIP;AL;81128;W
826;SHAPIRO AUTOS;TX;33032;W
827;SHARMA CAR DEALERSHIP;LA;43145;R
828;SHAVER CAR DEALERSHIP;OH;27553;W
829;SHAW CAR DEALERSHIP;CA;4250;R
830;SHEEHY CAR DEALERSHIP;FL;89191;R
831;SHEEN MOTORS INC.;IL;39555;W
832;SHEETZ CAR DEALERSHIP;NY;85381;R
833;SHEFFER AUTO DEALERSHIP;PR;21204;R
834;SHEFFIELD AUTO DEALERSHIP;IA;77493;W
835;SHEHAN AUTO DEALERSHIP;KS;5483;W
836;SHELBY CAR DEALERSHIP;OK;80931;R
837;SHELDON CAR DEALERSHIP;PR;75691;R
838;SHEPPARD AUTO DEALERSHIP;UT;96120;R
839;SHEPPHARD AUTOS;LA;49468;R
840;SHILLING AUTO DEALERSHIP;OH;26323;R
841;SHOCKEY AUTOS;TX;16025;R
842;SHORE AUTO DEALERSHIP;NY;62859;R
843;SHORT CAR DEALERSHIP;SC;34986;R
844;SHUKLA CAR DEALERSHIP;AL;77550;R
845;SIEGEL CAR DEALERSHIP;WA;19544;W
846;SIERRA MOTORS INC.;VT;93516;R
847;SILLER CAR DEALERSHIP;SD;12242;R
848;SILVA MOTORS INC.;NE;47060;R
849;SILVER AUTO DEALERSHIP;UT;47162;W
850;SILVERBERG AUTO DEALERSHIP;PA;6708;R
851;SILVERMAN CAR DEALERSHIP;AZ;62851;R
852;SILVIS AUTO DEALERSHIP;VA;67057;R
853;SIMMONS AUTOS;WI;76008;W
854;SIMMS AUTO DEALERSHIP;CO;88347;W
855;SIMPSON CAR DEALERSHIP;OK;97051;W
856;SINGH CAR DEALERSHIP;IL;76305;R
857;SINK CAR DEALERSHIP;KY;29827;W
858;SIZEMORE CAR DEALERSHIP;AZ;4982;R
859;SKEEN AUTO DEALERSHIP;AR;17765;R
860;SKILLMAN AUTO DEALERSHIP;IL;50207;W
861;SKINNER AUTO DEALERSHIP;IN;63304;R
862;SLACK AUTO DEALERSHIP;CO;54639;W
863;SLADDER MOTORS INC.;IN;24927;W
864;SLEZAK CAR DEALERSHIP;LA;769;R
865;SLOAN CAR DEALERSHIP;NE;95968;R
866;SLOCUM CAR DEALERSHIP;PR;2144;R
867;SMALLWOOD CAR DEALERSHIP;TN;42635;R
868;SMARTT CAR DEALERSHIP;MO;40730;W
869;SMEED CAR DEALERSHIP;IL;72101;W
870;SMITH CAR DEALERSHIP;AZ;56636;R
871;SMYTH CAR DEALERSHIP;LA;97463;R
872;SNODGRASS CAR DEALERSHIP;TX;93272;R
873;SNOWDEN CAR DEALERSHIP;TX;11703;W
874;SNYDER CAR DEALERSHIP;MA;94933;W
875;SOKES CAR DEALERSHIP;WV;62642;W
876;SORREL CAR DEALERSHIP;OK;39079;W
877;SOUTHERLY CAR DEALERSHIP;VA;92304;R
878;SOWARDS AUTO DEALERSHIP;GA;13646;R
879;SPARKS CAR DEALERSHIP;IA;47125;W
880;SPEER CAR DEALERSHIP;OK;27316;R
881;SPEERS AUTO DEALERSHIP;OH;97625;R
882;SPENCE CAR DEALERSHIP;AL;46371;W
883;SPENCER CAR DEALERSHIP;CT;57007;R
884;SPINKS CAR DEALERSHIP;TX;33014;W
885;SPOONER CAR DEALERSHIP;TX;921;R
886;SPRIGGS MOTORS INC.;OK;40701;W
887;SPRING CAR DEALERSHIP;PA;5353;R
888;SPRINGER MOTORS INC.;MA;84007;R
889;SPRINTER CAR DEALERSHIP;VA;55750;W
890;STAFFORD AUTOS;PA;33032;W
891;STAHLIN AUTO DEALERSHIP;TX;45650;R
892;STANFORD AUTO DEALERSHIP;OH;77518;R
893;STANLEYSTALIN AUTO DEALERSHIP;TX;98577;W
894;STARK MOTORS INC.;NC;83677;W
895;STARKEY CAR DEALERSHIP;NM;58843;R
896;STARR AUTOS;UT;21223;R
897;STEAMER AUTO DEALERSHIP;NV;28424;R
898;STEELE AUTOS;LA;92703;R
899;STEEN AUTO DEALERSHIP;MD;31556;R
900;STEIN AUTO DEALERSHIP;NJ;27916;R
901;STEINER MOTORS INC.;PR;49015;R
902;STEPHNESON CAR DEALERSHIP;FL;71823;R
903;STEVEN AUTO DEALERSHIP;SC;72126;R
904;STICKLE AUTO DEALERSHIP;KY;76557;R
905;STILLER MOTORS INC.;KS;67638;R
906;STINGER CAR DEALERSHIP;GA;98109;W
907;STOCK CAR DEALERSHIP;NH;41563;W
908;STOCKMAN CAR DEALERSHIP;TX;57775;R
909;STOCKS CAR DEALERSHIP;WI;7726;W
910;STOKLEY CAR DEALERSHIP;MA;89447;R
911;STONE CAR DEALERSHIP;MO;57258;R
912;SULLIVAN AUTO DEALERSHIP;CO;84058;R
913;SYNAK MOTORS INC.;WV;62612;W
914;TAGG CAR DEALERSHIP;MN;70040;W
915;TANNENBAUM AUTO DEALERSHIP;PA;38141;R
916;TANNEY CAR DEALERSHIP;MD;78643;R
917;TATE AUTOS;MN;71447;R
918;TAVENER CAR DEALERSHIP;TX;28455;R
919;TAYLOR AUTO DEALERSHIP;OH;12552;R
920;TAZELAR AUTO DEALERSHIP;MI;38053;R
921;TE CAR DEALERSHIP;NY;21210;R
922;THOMAS AUTOS;MN;26555;R
923;THOMPSON AUTOS;CA;71929;W
924;TIFFANY CAR DEALERSHIP;FL;754;W
925;TILLMAN AUTOS;MN;48046;R
926;TITUS CAR DEALERSHIP;WA;14225;R
927;TRENT CAR DEALERSHIP;NY;33408;W
928;TRIMMER CAR DEALERSHIP;SD;78580;W
929;TUCKER CAR DEALERSHIP;OK;23607;R
930;TUERK CAR DEALERSHIP;WA;17765;R
931;TYLER MOTORS INC.;MS;58778;W
932;UMSTATT CAR DEALERSHIP;LA;70360;R
933;UNDERHILL AUTOS;ID;75844;W
934;URAM CAR DEALERSHIP;TX;3608;R
935;UTTERBACK CAR DEALERSHIP;WI;14215;W
936;VAIL CAR DEALERSHIP;IL;11358;R
937;VALDEZ CAR DEALERSHIP;OK;56444;W
938;VALE CAR DEALERSHIP;LA;5905;R
939;VALENTINO MOTORS INC.;NY;7524;W
940;VANCE CAR DEALERSHIP;AR;80644;R
941;VANDERMARK AUTO DEALERSHIP;TX;5873;R
942;VANKIRK AUTO DEALERSHIP;NY;11450;R
943;VAUGHN AUTO DEALERSHIP;CT;17976;R
944;VESPER CAR DEALERSHIP;WI;58705;R
945;VICKERS CAR DEALERSHIP;IL;32176;R
946;VIRTS MOTORS INC.;MI;6804;W
947;VOSS CAR DEALERSHIP;NY;56029;R
948;VUE CAR DEALERSHIP;VT;37825;R
949;WADDELL AUTO DEALERSHIP;CO;15765;W
950;WADE CAR DEALERSHIP;MO;78362;R
951;WADHWA CAR DEALERSHIP;WA;21218;R
952;WAGNER CAR DEALERSHIP;NC;13630;W
953;WALIA CAR DEALERSHIP;KY;53083;W
954;WALKER AUTO DEALERSHIP;TN;61201;W
955;WALSH CAR DEALERSHIP;AR;75706;W
956;WANG CAR DEALERSHIP;VA;36685;R
957;WARNER CAR DEALERSHIP;PA;45304;W
958;WASHINGTON AUTOS;OH;28743;R
959;WEATHERFORD CAR DEALERSHIP;NY;72839;W
960;WEAVER AUTOS;LA;61025;W
961;WEBBER CAR DEALERSHIP;MO;18706;W
962;WEEKS AUTO DEALERSHIP;FL;11953;W
963;WELCH AUTO DEALERSHIP;AL;17777;R
964;WELK CAR DEALERSHIP;PR;90045;W
965;WELSH AUTOS;IL;27581;W
966;WENSEL CAR DEALERSHIP;FL;70583;W
967;WESTMAN CAR DEALERSHIP;TX;44094;W
968;WESTON CAR DEALERSHIP;OH;61254;R
969;WHITE AUTO DEALERSHIP;IA;48472;R
970;WHITEHEAD AUTO DEALERSHIP;AL;14058;R
971;WILEY CAR DEALERSHIP;WA;65016;W
972;WILLIAMS CAR DEALERSHIP;PR;37051;W
973;WILLIAMSON CAR DEALERSHIP;FL;40983;W
974;WILMOTH MOTORS INC.;MO;95540;W
975;WILSON CAR DEALERSHIP;OH;43360;W
976;WINDRIM AUTO DEALERSHIP;MA;98388;R
977;WIPPLE AUTOS;NY;51346;R
978;WISEMAN MOTORS INC.;OH;85641;W
979;WISER AUTOS;FL;17522;W
980;WOJNA CAR DEALERSHIP;FL;57048;R
981;WOLF AUTO DEALERSHIP;OK;923;W
982;WOLSEY CAR DEALERSHIP;NC;81050;W
983;WONG CAR DEALERSHIP;KY;6233;W
984;WOOD AUTO DEALERSHIP;IA;78217;R
985;WOODMAN CAR DEALERSHIP;OR;81321;W
986;WRIGHT AUTO DEALERSHIP;MS;11788;W
987;YAN AUTOS;PR;86402;W
988;YARBOROUGH MOTORS INC.;CT;731;R
989;YATES AUTOS;KS;90015;R
990;YORK CAR DEALERSHIP;AZ;87524;R
991;YOUNG AUTOS;WV;979;R
992;YU CAR DEALERSHIP;AL;47834;R
993;ZANIS CAR DEALERSHIP;CA;73439;R
994;ZANTH CAR DEALERSHIP;TX;54546;R
995;ZIEGLER AUTO DEALERSHIP;NM;78017;R
996;ZILUCA AUTOS;FL;72919;R
997;ZIMMER MOTORS INC.;MN;2879;R
998;ZIMMERMAN CAR DEALERSHIP;WA;89043;R
999;ZINTA CAR DEALERSHIP;MN;64640;R
1000;ZOLDOS CAR DEALERSHIP;TX;8060;R
